{
    "flower": "create:deployer",
    "creator": "The Boo",
    "lore": "This is totally about ghosts and that plumber.",
    "loreColor": "#00AAAA",
    "maxTimeInHive": 4800,
    "sizeModifier": 2.5,
    "hasHoneycomb": true,
    "traits": ["nether", "blaze", "can_swim"],
    "baseLayerTexture": "special/boobee",
    "ColorData": {
        "honeycombColor": "#e9f3ea",
        "isBeeColored": false,
        "isRainbowBee": false,
        "isGlowing": false,
        "isEnchanted": false,
        "modelType": "QUEEN"
    },
    "CombatData": {
        "isPassive": false,
        "removeStingerOnAttack": false,
        "inflictsPoison": true,
        "attackDamage": 3
    },
    "MutationData": {
        "hasMutation": false
    },
    "CentrifugeData": {
        "hasCentrifugeOutput": true,

        "mainOutput": "minecraft:ghast_tear",
        "mainOutputWeight": 0.15,
        "mainOutputCount": 2,

        "secondaryOutput": "minecraft:spectral_arrow",
        "secondaryOutputWeight": 0.2,
        "secondaryOutputCount": 3,

        "bottleOutput": "farmersdelight:milk_bottle",
        "bottleOutputWeight": 0.25,
        "bottleOutputCount": 1,

        "mainInputCount": 1
    },
    "SpawnData": {
        "canSpawnInWorld": false
    },
    "BreedData": {
        "isBreedable": true,
        "feedItem": "minecraft:ghast_tear",
        "feedAmount": 24,
        "childGrowthDelay": -24000,
        "breedDelay": 6000
    },
    "TraitData": {
        "hasTraits": true
    }
}
