{
    "flower": "sushigocrafting:wasabi_crop",
    "creator": "Ridanisaurus Rid & TemperedFool",
    "lore": "The Water Bee is capable of forcing a change in the form of\nyour average house cat, transforming it into the Wasabee.\nThis totally makes sense, we promise.",
    "loreColor": "#00AAAA",
    "maxTimeInHive": 4800,
    "sizeModifier": 1.25,
    "hasHoneycomb": true,
    "traits": ["can_swim"],
    "baseLayerTexture": "special/wasabee",
    "ColorData": {
        "honeycombColor": "#59a523",
        "isBeeColored": false,
        "isRainbowBee": false,
        "isGlowing": false,
        "isEnchanted": false,
        "modelType": "ARMORED"
    },
    "CombatData": {
        "isPassive": false,
        "removeStingerOnAttack": false,
        "inflictsPoison": true,
        "attackDamage": 3
    },
    "MutationData": {
        "hasMutation": false
    },
    "CentrifugeData": {
        "hasCentrifugeOutput": true,

        "mainOutput": "sushigocrafting:nori_sheets",
        "mainOutputWeight": 0.4,
        "mainOutputCount": 2,

        "secondaryOutput": "sushigocrafting:rice",
        "secondaryOutputWeight": 0.2,
        "secondaryOutputCount": 2,

        "bottleOutput": "sushigocrafting:soy_sauce",
        "bottleNBTData": { "Amount": 15 },
        "bottleOutputWeight": 0.05,
        "bottleOutputCount": 1,

        "mainInputCount": 1
    },
    "SpawnData": {
        "canSpawnInWorld": false
    },
    "BreedData": {
        "isBreedable": true,
        "parent1": "water",
        "parent2": "kitten",
        "feedItem": "sushigocrafting:wakame_gunkan",
        "feedAmount": 4,
        "childGrowthDelay": -24000,
        "breedDelay": 6000
    },
    "TraitData": {
        "hasTraits": true
    }
}
