{
    "flower": "undergarden:blood_mushroom",
    "loreColor": "#00AAAA",
    "maxTimeInHive": 6000,
    "hasHoneycomb": true,
    "traits": ["can_swim"],
    "baseLayerTexture": "mod/blood_magic/bloody",
    "ColorData": {
        "honeycombColor": "#80251f",
        "modelType": "MUSHROOM"
    },
    "MutationData": {
        "hasMutation": false
    },
    "CentrifugeData": {
        "hasCentrifugeOutput": true,

        "mainOutput": "bloodmagic:slate_ampoule",
        "mainOutputWeight": 0.10,
        "mainOutputCount": 1,

        "secondaryOutput": "bloodmagic:blankslate",
        "secondaryOutputWeight": 0.03,
        "secondaryOutputCount": 1,

        "mainInputCount": 1
    },
    "SpawnData": {"canSpawnInWorld": false},
    "BreedData": {"isBreedable": false},
    "TraitData": {"hasTraits": true}
}