{
  "flower": "minecraft:water",
  "baseLayerTexture":"fluid/water_bee",
  "hasHoneycomb": true,
  "traits":["can_swim"],
  "maxTimeInHive": 600,
  "ColorData": {
    "isBeeColored": false,
    "honeycombColor": "#446FE9"
  },
  "MutationData": {
    "hasMutation": false
  },
  "CentrifugeData": {
  "hasCentrifugeOutput": true,
  "mainOutput": "minecraft:water",
  "mainOutputCount": 250,
  "hasFluidOutput": true
  },
  "SpawnData": {
    "canSpawnInWorld": false
  },
  "BreedData": {
    "isBreedable": true,
    "feedItem": "minecraft:water_bucket",
    "feedAmount": 1
  },
  "TraitData": {
    "hasTraits": true
  }
}
