{
  "flower": "all",
  "hasHoneycomb": true,
  "maxTimeInHive": 700,
  "traits":["can_swim"],
  "baseLayerTexture": "mod/botania/manasteel_bee",
  "ColorData": {
    "isBeeColored": false,
    "honeycombColor": "#4CABF2",
    "modelType": "ORE"
  },
  "MutationData": {
    "hasMutation": false
},
  "CentrifugeData": {
    "hasCentrifugeOutput": true,
    "mainOutput": "botania:manasteel_ingot"
  },
  "SpawnData": {
    "canSpawnInWorld": false
  },
  "BreedData": {
    "isBreedable": true,
    "feedItem": "botania:manasteel_ingot",
    "feedAmount": 4
  },
  "TraitData": {
    "hasTraits": true
  }
}
