{
    "flower": "ALL",
    "loreColor": "#00AAAA",
    "maxTimeInHive": 2400,
    "sizeModifier": 0.75,
    "traits": ["nether", "can_swim", "wither"],
    "hasHoneycomb": true,
    "baseLayerTexture": "mineral/glowstone",
    "ColorData": {
        "honeycombColor": "#ffbc5e",
        "isBeeColored": false,
        "isRainbowBee": false,
        "isGlowing": false,
        "isEnchanted": false
    },
    "MutationData": {
        "hasMutation": false
    },
    "CentrifugeData": {
        "hasCentrifugeOutput": true,

        "mainOutput": "minecraft:glowstone_dust",
        "mainOutputWeight": 0.6,
        "mainOutputCount": 6,

        "secondaryOutput": "resourcefulbees:wax",
        "secondaryOutputWeight": 0.2,
        "secondaryOutputCount": 3,

        "bottleOutput": "resourcefulbees:glowstone_honey_bottle",
        "bottleOutputWeight": 0.02,
        "bottleOutputCount": 1,

        "mainInputCount": 1
    },
    "SpawnData": {
        "canSpawnInWorld": false
    },
    "BreedData": {
        "isBreedable": true,
        "feedItem": "tag:forge:storage_blocks/glowstone",
        "feedAmount": 2
    },
    "TraitData": {
        "hasTraits": true
    }
}
