{
  "flower": "all",
  "hasHoneycomb": true,
  "maxTimeInHive": 700,
  "traits":["can_swim"],
  "baseLayerTexture": "mineral/lead_bee",
  "ColorData": {
    "isBeeColored": false,
    "honeycombColor": "#232457",
    "modelType": "ORE"
  },
  "MutationData": {
    "hasMutation": false
  },
  "CentrifugeData": {
    "hasCentrifugeOutput": true,
    "mainOutput": "emendatusenigmatica:lead_ingot"
  },
  "SpawnData": {
    "canSpawnInWorld": false
  },
  "BreedData": {
    "isBreedable": true,
    "feedItem": "emendatusenigmatica:lead_ingot",
    "feedAmount": 4
  },
  "TraitData": {
    "hasTraits": true
  }
}
