{
  "flower": "minecraft:crimson_roots",
  "maxTimeInHive": 1000,
  "hasHoneycomb": true,
  "traits": ["nether", "can_swim"],
  "baseLayerTexture": "mineral/quartz_bee",
  "ColorData": {
    "isBeeColored": false,
    "honeycombColor": "#D4CABA",
    "modelType": "ORE"
  },
  "MutationData": {
    "hasMutation": false
},
  "CentrifugeData": {
    "hasCentrifugeOutput": true,
    "mainOutput": "minecraft:quartz",
    "mainOutputCount": 2
  },
  "SpawnData": {
    "canSpawnInWorld": false,
    "lightLevel": "NIGHT"
  },
  "BreedData": {
    "isBreedable": true,
    "feedItem": "minecraft:quartz",
    "feedAmount": 4
  },
  "TraitData": {
    "hasTraits": true
  }
}
