{
  "flower": "all",
  "hasHoneycomb": true,
  "maxTimeInHive": 700,
  "traits":["can_swim"],
  "baseLayerTexture": "mineral/silver_bee",
  "ColorData": {
    "isBeeColored": false,
    "honeycombColor": "#6E7E8A",
    "modelType": "ORE"
  },
  "MutationData": {
    "hasMutation": false
  },
  "CentrifugeData": {
    "hasCentrifugeOutput": true,
    "mainOutput": "emendatusenigmatica:silver_ingot"
  },
  "SpawnData": {
    "canSpawnInWorld": false
  },
  "BreedData": {
    "isBreedable": true,
    "feedItem": "emendatusenigmatica:silver_ingot",
    "feedAmount": 4
  },
  "TraitData": {
    "hasTraits": true
  }
}
