{
  "flower": "all",
  "hasHoneycomb": true,
  "maxTimeInHive": 700,
  "traits":["can_swim"],
  "baseLayerTexture": "mineral/sulfur_bee",
  "ColorData": {
    "isBeeColored": false,
    "honeycombColor": "#EEED70"
  },
  "MutationData": {
    "hasMutation": false
  },
  "CentrifugeData": {
    "hasCentrifugeOutput": true,
    "mainOutput": "emendatusenigmatica:sulfur_gem"
  },
  "SpawnData": {
    "canSpawnInWorld": false
  },
  "BreedData": {
    "isBreedable": true,
    "parent1": "creeper",
    "parent2": "salt",
    "feedItem": "emendatusenigmatica:sulfur_gem",
    "feedAmount": 4
  },
  "TraitData": {
    "hasTraits": true
  }
}
