{
    "flower": "ALL",
    "loreColor": "#00AAAA",
    "maxTimeInHive": 3600,
    "sizeModifier": 1,
    "hasHoneycomb": true,
    "traits": ["sedimentary", "can_swim"],
    "baseLayerTexture": "mineral/zinc_bee",
    "ColorData": {
        "honeycombColor": "#818653",
        "isBeeColored": false,
        "isRainbowBee": false,
        "isGlowing": false,
        "isEnchanted": false,
        "modelType": "ORE"
    },
    "MutationData": {
        "hasMutation": false
    },
    "CentrifugeData": {
        "hasCentrifugeOutput": true,

        "mainOutput": "emendatusenigmatica:zinc_chunk",
        "mainOutputWeight": 0.5,
        "mainOutputCount": 1,

        "secondaryOutput": "minecraft:gold_nugget",
        "secondaryOutputWeight": 0.1,
        "secondaryOutputCount": 3,

        "bottleOutput": "minecraft:honey_bottle",
        "bottleOutputWeight": 0.25,
        "bottleOutputCount": 1,

        "mainInputCount": 1
    },
    "SpawnData": {
        "canSpawnInWorld": false
    },
    "BreedData": {
        "isBreedable": true,
        "feedItem": "tag:forge:storage_blocks/zinc",
        "feedAmount": 4
    },
    "TraitData": {
        "hasTraits": true
    }
}
