{
  "flower": "tag:forge:storage_blocks/diamond",
  "maxTimeInHive": 600,
  "hasHoneycomb": true,
  "baseLayerTexture": "ores/diamond/diamond_bee",
  "ColorData": {
    "isBeeColored": false,
    "honeycombColor": "#00ffff",
    "modelType": "ORE"
  },
  "MutationData": {
    "hasMutation": true,
    "mutations" : [
      {
        "type": "BLOCK",
        "inputID": "minecraft:lava",
        "chance": 0.75,
        "outputs": [
          {"outputID": "minecraft:water", "weight": 10}
        ]
      }
    ]
  },
  "CentrifugeData": {
    "hasCentrifugeOutput": true,
    "mainOutput": "minecraft:diamond",
    "mainOutputCount": 1
  },
  "SpawnData": {
    "canSpawnInWorld": true,
    "biomeWhitelist": "tag:OVERWORLD",
    "biomeBlacklist": "tag:ocean"
  },
  "BreedData": {
    "isBreedable": true,
    "parent1": "Coal",
    "parent2": "Skeleton",
    "feedItem": "tag:forge:ores"
  },
  "TraitData": {}
}