{
  "flower": "minecraft:nether_wart",
  "maxTimeInHive": 1000,
  "hasHoneycomb": true,
  "baseLayerTexture": "pigman/pigman_bee",
  "traits": ["nether", "pigman"],
  "ColorData": {
    "isBeeColored": false,
    "honeycombColor": "#885956"
  },
  "MutationData": {
    "hasMutation": true,
    "mutations" : [
      {
        "type": "BLOCK",
        "inputID": "minecraft:netherrack",
        "outputs": [
          {"outputID": "minecraft:glowstone", "weight": 10},
          {"outputID": "minecraft:cobblestone", "weight": 10}
        ]
      }
    ]
  },
  "CentrifugeData": {
    "hasCentrifugeOutput": true,
    "mainOutput": "minecraft:glowstone_dust"
  },
  "SpawnData": {
    "canSpawnInWorld": true,
    "biomeWhitelist": "tag:nether",
    "lightLevel": "NIGHT"
  },
  "BreedData": {
    "isBreedable": true
  },
  "TraitData": {
    "hasTraits": true
  }
}