{
    "flower": "tag:pneumaticcraft:plastic_bricks",
    "creator": "Ridanisaurus Rid & TemperedFool",
    "lore": "What do you get if you lube up an Iron Bee, shove it inside\na Pneumatic Helmet, and toss it in a Pressure Chamber?\nI.. AM.. PCBEE!",
    "loreColor": "#00AAAA",
    "maxTimeInHive": 4800,
    "sizeModifier": 1,
    "hasHoneycomb": true,
    "traits": ["can_swim", "slippers"],
    "baseLayerTexture": "mod/pneumaticcraft/pcbee",
    "ColorData": {
        "honeycombColor": "#7a7f80",
        "modelType": "ARMORED"
    },
    "MutationData": {
        "hasMutation": false
    },
    "CentrifugeData": {
        "hasCentrifugeOutput": false
    },
    "SpawnData": {
        "canSpawnInWorld": false
    },
    "BreedData": {
        "isBreedable": true,
        "feedItem": "pneumaticcraft:programming_puzzle",
        "feedAmount": 1
    },
    "TraitData": {
        "hasTraits": true
    }
}
