{
  "flower": "fluxnetworks:basic_flux_storage",
  "hasHoneycomb": true,
  "maxTimeInHive": 700,
  "traits":["can_swim"],
  "baseLayerTexture": "mod/fluxnetworks/flux_bee",
  "ColorData": {
    "isBeeColored": false,
    "honeycombColor": "#1B1B1B"
  },
  "MutationData": {
    "hasMutation": false
  },
  "CentrifugeData": {
    "hasCentrifugeOutput": true,
    "mainOutput": "fluxnetworks:flux_dust"
  },
  "SpawnData": {
    "canSpawnInWorld": false
  },
  "BreedData": {
    "isBreedable": true,
    "feedItem": "fluxnetworks:flux_dust",
    "feedAmount": 4
  },
  "TraitData": {
    "hasTraits": true
  }
}
