{
  "flower": "create:blaze_burner",
  "hasHoneycomb": true,
  "maxTimeInHive": 700,
  "traits":["can_swim","nether"],
  "baseLayerTexture": "biology/blaze_bee",
  "ColorData": {
    "isBeeColored": false,
    "honeycombColor": "#FFFB65",
    "modelType": "MUSHROOM"
  },
  "MutationData": {
    "hasMutation": false
  },
  "CentrifugeData": {
    "hasCentrifugeOutput": true,
    "mainOutput": "minecraft:blaze_rod"
  },
  "SpawnData": {
    "canSpawnInWorld": false
  },
  "BreedData": {
    "isBreedable": true,
    "feedItem": "minecraft:blaze_rod",
    "feedAmount": 4
  },
  "TraitData": {
    "hasTraits": true
  }
}
