{
  "flower": "minecraft:snow_block",
  "hasHoneycomb": true,
  "maxTimeInHive": 700,
  "traits":["can_swim"],
  "baseLayerTexture": "biology/blizz_bee",
  "ColorData": {
    "isBeeColored": false,
    "honeycombColor": "#7BD4FF",
    "modelType": "MUSHROOM"
  },
  "MutationData": {
    "hasMutation": false
  },
  "CentrifugeData": {
    "hasCentrifugeOutput": true,
    "mainOutput": "thermal:blizz_rod"
  },
  "SpawnData": {
    "canSpawnInWorld": false
  },
  "BreedData": {
    "isBreedable": true,
    "feedItem": "thermal:blizz_rod",
    "feedAmount": 4
  },
  "TraitData": {
    "hasTraits": true
  }
}
