{
  "flower": "minecraft:chorus_flower",
  "hasHoneycomb": true,
  "traits": ["ender", "can_swim"],
  "maxTimeInHive": 1800,
  "ColorData": {
    "isBeeColored": true,
    "honeycombColor": "#339786",
    "primaryColor": "#339786",
    "secondaryColor": "#303030"
  },
  "MutationData": {
    "hasMutation": false
  },
  "CentrifugeData": {
    "hasCentrifugeOutput": true,
    "mainOutput": "minecraft:ender_pearl",
    "bottleOutput" : "minecraft:dragon_breath"
  },
  "SpawnData": {
    "canSpawnInWorld": false,
    "lightLevel": "NIGHT"
  },
  "BreedData": {
    "isBreedable": true,
    "feedItem": "minecraft:ender_pearl",
    "feedAmount": 4
  },
  "TraitData": {
    "hasTraits": true
  }
}
