{
    "flower": "minecraft:crimson_fungus",
    "loreColor": "#00AAAA",
    "maxTimeInHive": 4800,
    "sizeModifier": 1,
    "hasHoneycomb": true,
    "traits": ["nether", "blaze", "wither", "can_swim"],
    "baseLayerTexture": "biology/ghast",
    "ColorData": {
        "honeycombColor": "#faebd7",
        "isBeeColored": false,
        "isRainbowBee": false,
        "isGlowing": false,
        "isEnchanted": false
    },
    "MutationData": {
        "hasMutation": false
    },
    "CentrifugeData": {
        "hasCentrifugeOutput": true,

        "mainOutput": "minecraft:ghast_tear",
        "mainOutputWeight": 0.3,
        "mainOutputCount": 1,

        "secondaryOutput": "emendatusenigmatica:potassium_nitrate_chunk",
        "secondaryOutputWeight": 0.25,
        "secondaryOutputCount": 3,

        "bottleOutput": "minecraft:honey_bottle",
        "bottleOutputWeight": 0.25,
        "bottleOutputCount": 1,

        "mainInputCount": 1
    },
    "SpawnData": {
        "canSpawnInWorld": false
    },
    "BreedData": {
        "isBreedable": true,
        "feedItem": "minecraft:ghast_tear",
        "feedAmount": 8
    },
    "TraitData": {
        "hasTraits": true
    }
}
