{
  "flower": "minecraft:bone_block",
  "maxTimeInHive": 600,
  "hasHoneycomb": true,
  "traits":["can_swim"],
  "baseLayerTexture": "skeleton/skeleton_bee",
  "ColorData": {
    "isBeeColored": false,
    "honeycombColor": "#F6F2E6"
  },
  "MutationData": {
    "hasMutation": false
},
  "CentrifugeData": {
    "hasCentrifugeOutput": true,
    "mainOutput": "minecraft:bone"
  },
  "SpawnData": {
    "canSpawnInWorld": false,
    "lightLevel": "NIGHT"
  },
  "BreedData": {
    "isBreedable": true,
    "feedItem": "minecraft:bone",
    "feedAmount": 8
  },
  "TraitData": {
    "hasTraits": true
  }
}
