{"stats":{"minecraft:picked_up":{"masterfulmachinery:structure_gen_device":1,"mekanism:creative_energy_cube":2,"botania:quartz_mana":2,"kubejs:epic_lootbox":1,"minecraft:gravel":11,"botania:mana_pearl":2,"minecraft:paper":32,"pneumaticcraft:compressed_iron_block":1,"compactmachines:solid_wall":1,"botania:mana_diamond":2,"resourcefulbees:bee_jar":3},"minecraft:dropped":{"mekanism:ultimate_fluid_tank":1,"steampowered:steel_sheet":1,"minecraft:yellow_concrete":1,"compactmachines:solid_wall":1,"steampowered:steel_ingot":1,"steampowered:bronze_sheet":1,"resourcefulbees:bee_jar":1,"kubejs:epic_lootbox":1,"pneumaticcraft:compressed_iron_block":1,"steampowered:cast_iron_sheet":1,"mekanism:creative_energy_cube":2,"steampowered:cast_iron_ingot":1},"minecraft:custom":{"minecraft:time_since_rest":1356401,"minecraft:sprint_one_cm":224460,"minecraft:walk_one_cm":91998,"minecraft:drop":13,"minecraft:fly_one_cm":350390,"minecraft:play_one_minute":1356401,"minecraft:crouch_one_cm":175,"minecraft:sneak_time":867,"minecraft:jump":1001,"minecraft:leave_game":57,"minecraft:time_since_death":1356401,"minecraft:fall_one_cm":2624},"minecraft:mined":{"minecraft:mossy_cobblestone":1,"compressed:x1_compressed_cobblestone":1,"minecraft:cobblestone":1},"minecraft:used":{"extendedcrafting:ultimate_table":2,"occultism:soul_gem":4,"mythicbotany:mana_infuser":1,"steampowered:alternator":1,"trofers:large_pillar":2,"create:wrench":7,"storagedrawers:compacting_drawers_3":1,"resourcefulbees:bee_jar":5,"compressed:x1_compressed_cobblestone":1,"ctiers:centrifuge_controller_tier_3":4,"create:schematic_table":1,"extendedcrafting:recipe_maker":4,"compactmachines:wall":1,"createaddition:connector":3,"minecraft:redstone":8,"botania:creative_pool":10,"masterfulmachinery:structure_gen_device":4,"thermal:wrench":4,"compressed:x3_compressed_sand":5,"farmingforblockheads:market":2,"create:creative_motor":1,"resourcefulbees:catnip_honey_bottle":2,"botania:spark":11,"ctiers:centrifuge_casing_tier_3":41,"integrateddynamics:energy_battery":1,"minecraft:mossy_cobblestone":1,"minecraft:cobblestone":1,"minecraft:potion":1,"minecraft:hopper":1,"ftbsluice:wooden_hammer":2,"minecraft:yellow_concrete":1,"botania:shimmerrock":5,"minecraft:gold_block":4,"compactcrafting:field_projector":10,"kubejs:blockcasing_plain":56,"minecraft:white_concrete":9,"ftbsluice:diamond_hammer":1,"masterfulmachinery:structure_generator":2,"mekanism:ultimate_fluid_tank":3,"pipez:fluid_pipe":2}},"DataVersion":2586}