{
  "flower": "minecraft:warped_fungus",
  "maxTimeInHive": 600,
  "hasHoneycomb": true,
  "baseLayerTexture": "ores/netherite/netherite_bee",
  "traits": ["nether", "wither", "can_swim"],
  "ColorData": {
    "isBeeColored": false,
    "honeycombColor": "#654740"
  },
  "MutationData": {
    "hasMutation": false
  },
  "CentrifugeData": {
    "hasCentrifugeOutput": true,
    "mainOutput": "minecraft:ancient_debris",
    "mainOutputWeight": 0.5
  },
  "SpawnData": {
    "canSpawnInWorld": false,
    "lightLevel": "NIGHT"
  },
  "BreedData": {
    "isBreedable": true,
    "feedItem": "minecraft:netherite_scrap",
    "feedAmount": 4
  },
  "TraitData": {
    "hasTraits": true
  }
}
