{
  "flower": "all",
  "baseLayerTexture":"block/diorite_bee",
  "hasHoneycomb": true,
  "traits":["can_swim"],
  "maxTimeInHive": 600,
  "ColorData": {
    "isBeeColored": false,
    "honeycombColor": "#CECECF"
  },
  "MutationData": {
    "hasMutation": false
  },
  "CentrifugeData": {
    "hasCentrifugeOutput": true,
    "mainOutput": "minecraft:diorite"
  },
  "SpawnData": {
    "canSpawnInWorld": false
  },
  "BreedData": {
    "isBreedable": true,
    "parent1": "quartz",
    "parent2": "cobblestone",
    "feedItem": "minecraft:diorite",
    "feedAmount": 4
  },
  "TraitData": {
    "hasTraits": true
  }
}
