{
  "flower": "all",
  "baseLayerTexture":"block/dirt_bee",
  "hasHoneycomb": true,
  "traits":["can_swim"],
  "maxTimeInHive": 600,
  "ColorData": {
    "isBeeColored": false,
    "honeycombColor": "#79553A"
  },
  "MutationData": {
    "hasMutation": false
  },
  "CentrifugeData": {
    "hasCentrifugeOutput": true,
    "mainOutput": "minecraft:dirt"
  },
  "SpawnData": {
    "canSpawnInWorld": false
  },
  "BreedData": {
    "isBreedable": true,
    "feedItem": "minecraft:dirt",
    "feedAmount": 4
  },
  "TraitData": {
    "hasTraits": true
  }
}
