{
  "flower": "minecraft:end_rod",
  "hasHoneycomb": true,
  "maxTimeInHive": 700,
  "traits":["can_swim"],
  "baseLayerTexture": "block/endstone_bee",
  "ColorData": {
    "isBeeColored": false,
    "honeycombColor": "#E1E9A6"
  },
  "MutationData": {
    "hasMutation": false
},
  "CentrifugeData": {
    "hasCentrifugeOutput": true,
    "mainOutput": "minecraft:end_stone"
  },
  "SpawnData": {
    "canSpawnInWorld": false
  },
  "BreedData": {
    "isBreedable": true,
    "parent1": "pigman",
    "parent2": "lava",
    "feedItem": "minecraft:end_stone",
    "feedAmount": 4
  },
  "TraitData": {
    "hasTraits": true
  }
}
