{
  "flower": "all",
  "baseLayerTexture":"block/sand_bee",
  "hasHoneycomb": true,
  "traits":["can_swim"],
  "maxTimeInHive": 600,
  "ColorData": {
    "isBeeColored": false,
    "honeycombColor": "#DACFA3"
  },
  "MutationData": {
    "hasMutation": false
  },
  "CentrifugeData": {
    "hasCentrifugeOutput": true,
    "mainOutput": "minecraft:sand"
  },
  "SpawnData": {
    "canSpawnInWorld": false
  },
  "BreedData": {
    "isBreedable": true,
    "feedItem": "minecraft:sand",
    "feedAmount": 4
  },
  "TraitData": {
    "hasTraits": true
  }
}
