{
  "flower": "all",
  "baseLayerTexture":"block/wood_bee",
  "hasHoneycomb": true,
  "traits":["can_swim"],
  "maxTimeInHive": 600,
  "ColorData": {
    "isBeeColored": false,
    "honeycombColor": "#4C3D26"
  },
  "MutationData": {
    "hasMutation": false
  },
  "CentrifugeData": {
    "hasCentrifugeOutput": false
  },
  "SpawnData": {
    "canSpawnInWorld": false
  },
  "BreedData": {
    "isBreedable": true,
    "feedItem": "tag:minecraft:logs",
    "feedAmount": 4
  },
  "TraitData": {
    "hasTraits": true
  }
}
