{
    "flower": "all",
    "loreColor": "#00AAAA",
    "maxTimeInHive": 4800,
    "hasHoneycomb": true,
    "traits": ["can_swim"],
    "baseLayerTexture": "mod/naturesaura/skies",
    "ColorData": {
        "honeycombColor": "#73d0ff"
    },
    "MutationData": {"hasMutation": false},
    "CentrifugeData": {
        "hasCentrifugeOutput": true,
        "mainOutput": "naturesaura:sky_ingot",
        "mainOutputWeight": 0.5
      },
    "SpawnData": {"canSpawnInWorld": false},
    "BreedData": {"isBreedable": false},
    "TraitData": {"hasTraits": true}
}
