{
    "flower": "ALL",
    "loreColor": "#00AAAA",
    "maxTimeInHive": 3600,
    "sizeModifier": 0.75,
    "hasHoneycomb": true,
    "traits": ["can_swim"],
    "baseLayerTexture": "metal/brass",
    "ColorData": {
        "honeycombColor": "#998d38",
        "isBeeColored": false,
        "isRainbowBee": false,
        "isGlowing": false,
        "isEnchanted": false
    },
    "MutationData": {
        "hasMutation": false
    },
    "CentrifugeData": {
        "hasCentrifugeOutput": true,

        "mainOutput": "create:crushed_brass",
        "mainOutputWeight": 0.5,
        "mainOutputCount": 1,

        "secondaryOutput": "emendatusenigmatica:copper_nugget",
        "secondaryOutputWeight": 0.1,
        "secondaryOutputCount": 3,

        "mainInputCount": 1
    },
    "SpawnData": {
        "canSpawnInWorld": false
    },
    "BreedData": {
        "isBreedable": true,
        "feedItem": "tag:forge:storage_blocks/brass",
        "feedAmount": 1
    },
    "TraitData": {
        "hasTraits": true
    }
}
