{
  "flower": "all",
  "hasHoneycomb": true,
  "maxTimeInHive": 800,
  "traits":["can_swim"],
  "baseLayerTexture": "metal/enderium_bee",
  "ColorData": {
    "isBeeColored": false,
    "honeycombColor": "#1D7E8C",
    "modelType": "ORE"
  },
  "MutationData": {
    "hasMutation": false
  },
  "CentrifugeData": {
    "hasCentrifugeOutput": true,
    "mainOutput": "emendatusenigmatica:enderium_ingot"
  },
  "SpawnData": {
    "canSpawnInWorld": false
  },
  "BreedData": {
    "isBreedable": true,
    "parent1": "ender",
    "parent2": "diamond",
    "feedItem": "emendatusenigmatica:enderium_ingot",
    "feedAmount": 4
  },
  "TraitData": {
    "hasTraits": true
  }
}
