{
  "flower": "all",
  "hasHoneycomb": true,
  "maxTimeInHive": 700,
  "traits":["can_swim"],
  "baseLayerTexture": "metal/invar_bee",
  "ColorData": {
    "isBeeColored": false,
    "honeycombColor": "#C5CCC3",
    "modelType": "ORE"
  },
  "MutationData": {
    "hasMutation": false
  },
  "CentrifugeData": {
    "hasCentrifugeOutput": true,
    "mainOutput": "emendatusenigmatica:invar_ingot"
  },
  "SpawnData": {
    "canSpawnInWorld": false
  },
  "BreedData": {
    "isBreedable": true,
    "parent1": "nickel",
    "parent2": "iron",
    "feedItem": "emendatusenigmatica:invar_ingot",
    "feedAmount": 4
  },
  "TraitData": {
    "hasTraits": true
  }
}
