{
  "flower": "all",
  "hasHoneycomb": true,
  "maxTimeInHive": 800,
  "traits":["can_swim"],
  "baseLayerTexture": "metal/lumium_bee",
  "ColorData": {
    "isBeeColored": false,
    "honeycombColor": "#F4DD71",
    "modelType": "ORE"
  },
  "MutationData": {
    "hasMutation": false
  },
  "CentrifugeData": {
    "hasCentrifugeOutput": true,
    "mainOutput": "emendatusenigmatica:lumium_ingot"
  },
  "SpawnData": {
    "canSpawnInWorld": false
  },
  "BreedData": {
    "isBreedable": true,
    "parent1": "pigman",
    "parent2": "tin",
    "feedItem": "emendatusenigmatica:lumium_ingot",
    "feedAmount": 4
  },
  "TraitData": {
    "hasTraits": true
  }
}
