{
  "flower": "all",
  "hasHoneycomb": true,
  "maxTimeInHive": 700,
  "traits":["can_swim"],
  "ColorData": {
    "isBeeColored": true,
    "primaryColor": "#1F1F1F",
    "secondaryColor": "#0F0F0F",
    "honeycombColor": "#1F1F1F"
  },
  "MutationData": {
    "hasMutation": false
  },
  "CentrifugeData": {
    "hasCentrifugeOutput": true,
    "mainOutput": "powah:dielectric_paste"
  },
  "SpawnData": {
    "canSpawnInWorld": false
  },
  "BreedData": {
    "isBreedable": true,
    "feedItem": "powah:dielectric_paste",
    "feedAmount": 4
  },
  "TraitData": {
    "hasTraits": true
  }
}
