{
  "flower": "minecraft:chorus_flower",
  "hasHoneycomb": true,
  "maxTimeInHive": 700,
  "traits":["can_swim"],
  "baseLayerTexture": "items/chorous_bee",
  "ColorData": {
    "isBeeColored": false,
    "honeycombColor": "#866686"
  },
  "MutationData": {
    "hasMutation": false
  },
  "CentrifugeData": {
    "hasCentrifugeOutput": true,
    "mainOutput": "minecraft:chorus_fruit",
    "secondaryOutput": "minecraft:chorus_flower",
    "mainOutputWeight": 0.5,
    "secondaryOutputWeight": 0.5
  },
  "SpawnData": {
    "canSpawnInWorld": false
  },
  "BreedData": {
    "isBreedable": true,
    "feedItem": "minecraft:chorus_flower",
    "feedAmount": 4
  },
  "TraitData": {
    "hasTraits": true
  }
}
