{
  "flower": "minecraft:slime_block",
  "hasHoneycomb": true,
  "traits": ["slimy", "can_swim"],
  "maxTimeInHive": 700,
  "baseLayerTexture": "slime/slime_bee",
  "ColorData": {
    "modelType": "GELATINOUS",
    "gelLayerTexture": "/slime/slime_gel_Layer",
    "honeycombColor": "#62B64A"
  },
  "MutationData": {
    "hasMutation": false
},
  "CentrifugeData": {
    "hasCentrifugeOutput": true,
    "mainOutput": "minecraft:slime_ball"
  },
  "SpawnData": {
    "canSpawnInWorld": false
  },
  "BreedData": {
    "isBreedable": true,
    "feedItem": "minecraft:slime_ball",
    "feedAmount": 4
  },
  "TraitData": {
    "hasTraits": true
  }
}
